Hip_hop_music	musicSubgenre	Gangsta_rap
South_Korea	language	Korean_language
Gangsta_rap	derivative	Gangsta_rap
Neo_soul	stylisticOrigin	Jazz
Ennio_Morricone	associatedBand	Hayley_Westenra
DMX_(rapper)	genre	Hip_hop_music
Switchfoot	recordLabel	Lowercase_people_records
Lil'_Flip	associatedBand	David_Banner
Paul_Wall	associatedBand	Bun_B
Supergrass	associatedBand	The_Jennifers
Weezer	associatedBand	Weezer
Etta_James	recordLabel	RCA_Records
Branford_Marsalis	associatedMusicalArtist	DJ_Premier
Twiztid	associatedMusicalArtist	Anybody_Killa
Dendrobium	family	Epidendroideae
Yung_Wun	associatedBand	DMX_(rapper)
Chicago_(band)	associatedBand	The_Doobie_Brothers
Nat_Powers	genre	Hip_hop_music
Karen_Clark_Sheard	associatedMusicalArtist	Mattie_Moss_Clark
Neptune_Towers	associatedMusicalArtist	Valhall_(band)
Honky_Tonk_Blues	producer	Charley_Pride
Studio_Universal	broadcastArea	South_Africa
Zakk_Wylde	associatedBand	Pride_and_Glory_(band)
Braunau,_Switzerland	neighboringMunicipality	Tobel-Tägerschen
Yes_(band)	associatedBand	Circa_(band)
Mike_Sapone	associatedMusicalArtist	Motion_City_Soundtrack
Reviews_on_the_Run	language	English_language
Charlie_Rich	recordLabel	RCA_Records
Atom_Egoyan	spouse	Arsinée_Khanjian
Anthony_Braxton	associatedBand	George_Lewis_(trombonist)
Run_Runaway	subsequentWork	Slam_the_Hammer_Down
Welcome_to_My_Hood	previousWork	All_I_Do_Is_Win
Rise_Above_Records	distributingLabel	All_That_Is_Heavy
Richard_Tee	associatedBand	Hall_&_Oates
The_Leisure_Society	associatedMusicalArtist	The_Climbers_(band)
Agnostic_Front	associatedMusicalArtist	Carnivore_(band)
The_Bamboos_(funk_band)	associatedBand	Kylie_Auldist
Bizzy_Bone	genre	Hip_hop_music
Punky_Meadows	associatedBand	Angel_(band)
Bizzy_Bone	associatedBand	Mr._Capone-E
Arsis	associatedMusicalArtist	Dååth
Stanhopea	division	Flowering_plant
The_Mammals	genre	Folk_music
Nicholas_Loftin	associatedMusicalArtist	Nas
Steve_DiGiorgio	associatedMusicalArtist	Dragonlord_(band)
From_Autumn_to_Ashes	associatedBand	Biology_(band)
Cameron_Brown_(musician)	associatedBand	Don_Cherry_(trumpeter)
The_Unintended	associatedBand	The_Sadies
Mohamed_Hussein_Tantawi	battle	Sinai_insurgency
Baby_Blue_(rapper)	associatedMusicalArtist	Idris_Elba
Change_of_Heart_(Cyndi_Lauper_song)	writer	Cyndi_Lauper
Baby_Blue_(rapper)	associatedBand	Lady_Sovereign
KBS1	language	Korean_language
Luis_Resto_(musician)	genre	Jazz
Rudimental	associatedBand	Emeli_Sandé
Lil'_Keke	associatedMusicalArtist	Lil'_Flip
Mark_Helias	associatedBand	Anthony_Braxton
Masato_Nakamura	associatedBand	Miwa_Yoshida
Eurosport_2	locationCountry	Germany
DEAN	hometown	South_Korea
What's_Going_On_(song)	musicalArtist	Cyndi_Lauper
Somebody_Paints_the_Wall	musicalBand	Tracy_Lawrence
Link_Wray	associatedMusicalArtist	Robert_Gordon_(musician)
William_Monsell,_1st_Baron_Emly	predecessor	William_Cowper-Temple,_1st_Baron_Mount_Temple
The_Silence_of_the_Hams	starring	Ezio_Greggio
Gunnar_Nordström	citizenship	Finland
Wysokie_Mazowieckie_County	part	Gmina_Nowe_Piekuty
Clarence_Faulk	birthPlace	Louisiana
Poisonblack	associatedMusicalArtist	Sentenced
Frankie_Goes_to_Hollywood	associatedBand	Big_in_Japan_(band)
Gustavo_Cerati	associatedMusicalArtist	Tweety_González
The_Dangerous_Crew	genre	Hip_hop_music
Bill_Moss,_Jr.	associatedBand	Walter_Hawkins
Paris_Nights/New_York_Mornings	subsequentWork	Closer_(Corinne_Bailey_Rae_song)
Guster	bandMember	Luke_Reynolds
2004_German_Grand_Prix	location	Hockenheim
Blackstreet	associatedBand	Guy_(band)
1986–87_Newcastle_United_F.C._season	homeStadium	St_James'_Park
Beth_(song)	recordedIn	Record_Plant
Rock_That_Body	musicalBand	The_Black_Eyed_Peas
Refused	associatedMusicalArtist	Final_Exit_(band)
Pose_(Daddy_Yankee_song)	writer	Daddy_Yankee
W._S._Stuckey,_Sr.	deathPlace	Georgia_(U.S._state)
Rusty_Day	associatedBand	The_Amboy_Dukes
All_About_Eve_(Philippine_TV_series)	language	Filipino_language
Method_Man	associatedMusicalArtist	Lisa_Lopes
Jürgen_Trittin	predecessor	Angela_Merkel
Ragan_Madden	birthPlace	Louisiana
Milt_Hinton	associatedMusicalArtist	Cab_Calloway
Sean_Rickman	associatedBand	Garaj_Mahal
P.O.W_(Bullet_for_My_Valentine_song)	musicalArtist	Bullet_for_My_Valentine
Moudon	neighboringMunicipality	Curtilles
Mara_Clara	related	Ina,_Kapatid,_Anak
Rotting_Christ	associatedBand	Thou_Art_Lord
The_Cherry_People	associatedBand	Angel_(band)
The_Cherry_People	formerBandMember	Punky_Meadows
Lugano	neighboringMunicipality	Savosa
Chiodos	associatedMusicalArtist	Rx_Bandits
Princeton,_New_Jersey	type	Borough_(New_Jersey)
Soribada	regionServed	South_Korea
